{
  "overall_score": 21.0,
  "platform_scores": {
    "github": 0.0,
    "leetcode": 0.0,
    "certifications": 70.0,
    "design": 0.0,
    "resume": 70.0,
    "linkedin": 0.0
  },
  "normalized_profiles": [
    {
      "platform": "GitHub",
      "link_type": "profile",
      "url": "https://github.com/MrinalPatra",
      "is_public": true,
      "engagement_stats": {
        "followers": 0,
        "likes": 0,
        "comments": 0,
        "shares": 0
      },
      "content_types": {
        "projects": [],
        "posts": [],
        "contributions": []
      },
      "relevance_score": 70.0,
      "last_activity": null,
      "crawl_date"  