{
  "candidate_name": "Aparna Mondal",
  "analysis_date": "2025-05-18",
  "hr_analysis": {
    "summary": "Candidate requires significant development before consideration",
    "detailed_analysis": {
      "strengths": [],
      "areas_for_improvement": [],
      "recommendations": [],
      "score_explanations": {}
    },
    "hiring_insights": {
      "overall_assessment": "Junior Level - Entry level candidate requiring training",
      "technical_competency": "Basic technical skills requiring further development",
      "growth_potential": "Growth potential needs to be demonstrated through additional learning",
      "hiring_recommendation": "Further Assessment Needed - Consider for junior positions with training program"
    }
  }
}